index,zipCode,zipCount
0,77030,1534
1,10065,872
2,2215,684
3,63110,663
4,19104,545
5,2115,508
6,2114,476
7,37203,463
8,55905,460
9,98109,459
10,60637,436
11,48109,424
12,30322,420
13,46202,417
14,80045,404
15,90095,403
16,78229,396
17,43210,396
18,60611,395
19,48201,392
20,91010,377
21,33612,375
22,27710,359
23,94305,358
24,90033,350
25,44195,350
26,20892,341
27,37232,329
28,44106,321
29,10032,300
30,96813,292
31,27599,290
32,80218,285
33,92093,282
34,53226,280
35,67214,275
36,15232,275
37,29605,274
38,21287,274
39,8035,273
40,60612,271
41,75390,267
42,94115,267
43,97239,262
44,14263,250
45,73104,246
46,27157,245
47,98405,239
48,49503,236
49,19111,234
50,7601,231
51,10029,231
52,53792,227
53,10016,214
54,19107,213
55,29425,210
56,84112,210
57,75246,209
58,40202,204
59,55455,202
60,19713,199
61,14642,198
62,85259,197
63,48106,197
64,33136,194
65,92868,194
66,61615,193
67,6520,189
68,3756,187
69,94143,184
70,52242,182
71,10021,179
72,48202,176
73,50309,173
74,98104,172
75,35294,172
76,21201,171
77,17033,170
78,62526,170
79,21231,170
80,63141,166
81,20007,165
82,10467,164
83,90048,163
84,55416,162
85,95817,161
86,76104,156
87,22908,154
88,10461,153
89,59101,152
90,99508,151
91,96817,149
92,49007,148
93,58122,148
94,32806,147
95,97213,145
96,38105,143
97,72205,142
98,85258,141
99,23298,141
100,94805,141
101,45242,139
102,55805,137
103,67208,137
104,20010,136
105,54301,133
106,55109,133
107,15213,132
108,68198,131
109,60153,131
110,40536,130
111,85724,129
112,32224,128
113,90027,127
114,28204,126
115,65804,126
116,28041,126
117,94304,126
118,89169,125
119,11725,124
120,66160,124
121,98101,123
122,28050,122
123,61401,120
124,13210,120
125,8036,119
126,11042,117
127,70809,116
128,61354,115
129,61350,115
130,61801,114
131,92123,114
132,20133,114
133,50314,114
134,35233,114
135,70112,114
136,80220,113
137,68114,113
138,89148,112
139,37404,111
140,43623,111
141,30342,110
142,68510,109
143,46601,109
144,39216,109
145,8903,109
146,40138,108
147,50010,107
148,90404,107
149,59405,107
150,43215,107
151,43015,107
152,68130,106
153,58501,106
154,62702,104
155,87106,104
156,54303,103
157,29303,103
158,28034,103
159,43214,103
160,61761,102
161,94589,102
162,69120,102
163,98195,102
164,51101,101
165,80131,101
166,95661,101
167,45229,101
168,70121,100
169,54449,100
170,50325,100
171,89106,100
172,27534,100
173,22031,99
174,32610,99
175,59901,99
176,61554,99
177,38120,99
178,60201,98
179,63703,97
180,55407,96
181,45267,96
182,48912,96
183,28040,95
184,20141,95
185,31059,95
186,16132,95
187,48236,95
188,33916,95
189,75702,94
190,26506,94
191,65807,94
192,41013,94
193,80124,94
194,32803,93
195,95403,93
196,10604,93
197,80012,93
198,98122,93
199,94609,92
200,79106,92
201,28203,92
202,49085,92
203,67401,91
204,48073,91
205,96701,91
206,60426,90
207,28007,90
208,21204,89
209,30912,89
210,69373,88
211,75230,88
212,65401,87
213,11794,87
214,27103,87
215,51104,87
216,32207,87
217,17822,86
218,10591,86
219,64111,85
220,29615,85
221,75231,85
222,80501,84
223,61530,84
224,72076,84
225,46010,84
226,98105,83
227,53188,83
228,1307,83
229,97227,83
230,54476,83
231,30060,82
232,8003,82
233,48503,82
234,43055,82
235,46545,81
236,80907,81
237,48601,81
238,55404,81
239,48162,81
240,6105,81
241,49201,80
242,89081,80
243,23502,80
244,61455,80
245,91505,80
246,43219,80
247,48341,80
248,59802,80
249,33705,80
250,61520,80
251,43616,80
252,61265,79
253,61701,79
254,6510,79
255,62321,79
256,64108,79
257,94611,78
258,2903,78
259,59715,78
260,48093,78
261,15224,78
262,31405,78
263,99336,78
264,83706,78
265,44718,77
266,48060,77
267,48154,77
268,33021,77
269,54143,76
270,31008,76
271,8916,76
272,55101,76
273,59037,76
274,55435,76
275,89052,76
276,54601,75
277,55102,75
278,29414,75
279,55432,75
280,57105,75
281,46260,74
282,44805,74
283,7962,74
284,98902,74
285,89128,74
286,55125,74
287,61356,74
288,93720,74
289,44124,73
290,2111,72
291,55131,72
292,45429,72
293,80138,72
294,33140,71
295,66205,71
296,62781,71
297,72703,71
298,8043,71
299,50266,71
300,98684,71
301,7920,71
302,44035,70
303,53066,70
304,11040,70
305,20817,70
306,69495,70
307,29010,70
308,61637,70
309,57104,70
310,55433,69
311,28046,69
312,2118,69
313,19096,69
314,80113,69
315,80228,69
316,53081,69
317,94040,69
318,66044,69
319,60714,69
320,33076,68
321,89109,68
322,32804,68
323,45840,68
324,43130,68
325,20132,68
326,97225,68
327,67801,68
328,57117,68
329,67156,68
330,10126,68
331,55422,68
332,52403,67
333,67152,67
334,55415,67
335,66720,67
336,43537,67
337,67357,66
338,81675,66
339,54701,66
340,67068,66
341,67901,66
342,67114,66
343,95816,66
344,67124,66
345,30625,66
346,1805,65
347,49102,65
348,60068,65
349,92835,65
350,45409,65
351,50009,65
352,21215,65
353,29601,64
354,55082,64
355,94080,64
356,62401,64
357,64804,64
358,49221,64
359,67301,64
360,1655,64
361,6351,64
362,8901,64
363,54481,63
364,98310,63
365,55379,63
366,45415,63
367,66701,63
368,67042,63
369,56201,63
370,64132,63
371,55337,63
372,45373,63
373,37007,63
374,19718,62
375,93454,62
376,55387,62
377,68124,62
378,20246,62
379,46237,62
380,10003,62
381,38138,61
382,4074,61
383,94010,61
384,46514,61
385,44122,61
386,28222,61
387,95051,61
388,74136,61
389,61603,60
390,28801,60
391,12208,60
392,63131,60
393,59107,60
394,45005,60
395,45331,60
396,46360,60
397,35128,60
398,92354,60
399,77024,60
400,54494,60
401,75475,59
402,74146,59
403,60076,59
404,48502,59
405,30607,59
406,43560,59
407,45122,59
408,65109,58
409,168,58
410,68122,58
411,47014,58
412,95825,58
413,27403,58
414,54401,58
415,19958,58
416,45420,58
417,20889,57
418,15212,57
419,55350,57
420,75235,57
421,98201,56
422,46526,56
423,87131,56
424,96826,56
425,8103,55
426,85013,55
427,45406,55
428,43701,55
429,97080,55
430,80210,55
431,2905,55
432,27100,55
433,8907,55
434,49001,55
435,50937,55
436,98801,55
437,29307,55
438,94538,55
439,30308,54
440,92037,54
441,45601,54
442,31404,54
443,59601,54
444,45219,54
445,33308,54
446,20089,54
447,48124,54
448,5505,54
449,11570,54
450,44304,54
451,54311,54
452,43081,54
453,44109,54
454,6050,54
455,18711,54
456,32256,53
457,81377,53
458,80539,53
459,89074,53
460,85719,53
461,85704,53
462,60590,53
463,21237,53
464,44060,53
465,13273,53
466,54501,53
467,45750,52
468,68106,52
469,98370,52
470,15006,52
471,47374,52
472,49017,52
473,61443,52
474,43222,52
475,33701,52
476,94596,52
477,44870,52
478,19611,52
479,95119,52
480,64239,52
481,43606,52
482,70006,51
483,16801,51
484,29672,51
485,53215,51
486,99218,51
487,84106,51
488,97015,51
489,84403,51
490,3080,51
491,49684,51
492,44111,51
493,19001,51
494,5401,50
495,71103,50
496,62864,50
497,20162,50
498,18201,50
499,54868,50
500,30501,50
501,28791,50
502,45505,50
503,83712,50
504,80033,50
505,27705,50
506,99204,50
507,96819,50
508,43050,50
509,18015,49
510,34232,49
511,10043,49
512,43608,49
513,54235,49
514,85016,49
515,21205,49
516,46009,49
517,98112,49
518,44093,49
519,61462,49
520,49100,49
521,57701,49
522,80301,49
523,43228,49
524,56073,48
525,87102,48
526,80631,48
527,91120,48
528,23507,48
529,32504,48
530,27607,48
531,56303,48
532,99202,48
533,56601,48
534,29650,48
535,13385,48
536,91054,48
537,6102,48
538,43614,48
539,50316,48
540,59102,48
541,29621,48
542,94904,47
543,63109,47
544,76022,47
545,76508,47
546,45042,47
547,59701,47
548,40207,47
549,29572,47
550,45147,47
551,30033,47
552,80524,47
553,48334,47
554,78217,47
555,96766,47
556,10002,47
557,28033,46
558,33486,46
559,13353,46
560,60521,46
561,43205,46
562,11000,46
563,90806,46
564,6106,46
565,47905,46
566,49444,45
567,90403,45
568,54548,45
569,97701,45
570,83854,45
571,82801,45
572,54221,45
573,23230,45
574,97477,45
575,81004,45
576,48532,45
577,24105,45
578,10595,45
579,98372,44
580,90603,44
581,68131,44
582,94704,44
583,90024,44
584,48149,44
585,98225,44
586,83642,44
587,7960,43
588,97210,43
589,21921,43
590,68167,43
591,95823,43
592,161,43
593,52722,43
594,25030,43
595,45662,43
596,77555,43
597,4401,42
598,12206,42
599,11501,42
600,33081,42
601,15706,42
602,37916,42
603,90035,42
604,72401,42
605,45236,41
606,28501,41
607,49677,41
608,46026,41
609,37920,41
610,81301,41
611,33604,41
612,80122,41
613,52621,41
614,53705,41
615,71913,41
616,82414,41
617,33805,40
618,90025,40
619,6100,40
620,8208,40
621,29210,40
622,43617,40
623,62644,40
624,92120,40
625,34295,40
626,41100,40
627,54511,39
628,11030,39
629,48075,39
630,19010,39
631,94063,39
632,98166,39
633,80528,39
634,35805,39
635,41017,39
636,10700,39
637,44307,39
638,89144,39
639,97062,39
640,45220,39
641,20850,39
642,82609,38
643,79410,38
644,28546,38
645,91006,38
646,50134,38
647,99208,38
648,65613,38
649,35033,38
650,62801,38
651,66209,38
652,3722,38
653,68506,38
654,19140,38
655,33075,38
656,83301,38
657,78731,38
658,5405,38
659,60555,38
660,45405,38
661,64506,38
662,10000,38
663,31096,38
664,99216,37
665,54154,37
666,44145,37
667,10400,37
668,19301,37
669,76038,37
670,10019,37
671,60035,37
672,14076,37
673,28374,37
674,66210,37
675,25304,36
676,93309,36
677,55454,36
678,90110,36
679,64086,36
680,19803,36
681,44710,36
682,1199,36
683,64131,36
684,22401,36
685,85715,36
686,61704,36
687,36608,36
688,66213,36
689,4103,36
690,79031,36
691,46845,36
692,20016,36
693,29640,36
694,85224,36
695,89502,36
696,98274,36
697,10330,36
698,28006,35
699,64068,35
700,94903,35
701,1246,35
702,44883,35
703,64128,35
704,60504,35
705,60540,35
706,93105,35
707,61614,35
708,33901,35
709,46391,35
710,67460,35
711,59020,35
712,66208,35
713,80401,35
714,85338,35
715,43567,35
716,33401,35
717,45804,35
718,98029,34
719,30341,34
720,90610,34
721,62703,34
722,33028,34
723,31904,34
724,49801,34
725,39008,34
726,56126,34
727,54017,34
728,92108,34
729,14004,34
730,4330,34
731,78234,34
732,33100,34
733,45385,34
734,6360,34
735,91030,34
736,98003,34
737,66606,34
738,94531,34
739,33324,34
740,43402,34
741,60435,34
742,68803,34
743,83814,34
744,20900,34
745,27203,34
746,94801,34
747,20057,34
748,17325,34
749,28328,34
750,94158,33
751,86021,33
752,8041,33
753,2906,33
754,64118,33
755,6120,33
756,21229,33
757,95688,33
758,97401,33
759,95210,33
760,61070,33
761,8060,33
762,27834,33
763,22927,33
764,55426,32
765,19106,32
766,13057,32
767,46563,32
768,92801,32
769,19103,32
770,46107,32
771,40503,32
772,35100,32
773,24014,32
774,65616,32
775,94301,32
776,48098,32
777,28677,32
778,34298,32
779,144,32
780,46515,32
781,30318,32
782,53211,32
783,28401,32
784,37909,32
785,18840,32
786,98221,31
787,30309,31
788,27514,31
789,90211,31
790,8025,31
791,45433,31
792,46904,31
793,66421,31
794,25123,31
795,27320,31
796,94118,31
797,97045,31
798,34952,31
799,38043,31
800,45714,31
801,62902,31
802,78705,31
803,63003,31
804,80120,31
805,3106,31
806,92024,31
807,53100,31
808,98026,31
809,37212,31
810,54729,31
811,40705,31
812,97132,31
813,95355,31
814,94546,31
815,53227,31
816,38320,31
817,14784,31
818,98499,31
819,92103,30
820,80205,30
821,46628,30
822,6902,30
823,84157,30
824,31201,30
825,84132,30
826,5100,30
827,33908,30
828,46350,30
829,13125,30
830,15009,30
831,28100,30
832,66112,30
833,63127,30
834,10117,30
835,37403,30
836,54904,30
837,48910,30
838,60126,30
839,96734,30
840,84113,29
841,64154,29
842,64507,29
843,90277,29
844,70124,29
845,80304,29
846,98133,29
847,33316,29
848,60005,29
849,65212,29
850,28025,29
851,70300,29
852,20122,29
853,98004,29
854,21401,29
855,98415,29
856,6189,29
857,36604,29
858,7018,29
859,73120,29
860,63080,29
861,40701,29
862,53149,29
863,33176,29
864,7902,29
865,94577,29
866,53105,29
867,98664,29
868,26100,28
869,59807,28
870,17405,28
871,93053,28
872,33606,28
873,44281,28
874,37660,28
875,22601,28
876,99362,28
877,40447,28
878,19801,28
879,78503,28
880,46219,28
881,33331,28
882,11203,28
883,85234,28
884,44691,28
885,83092,28
886,54241,28
887,94523,28
888,63628,28
889,68847,28
890,63104,27
891,45459,27
892,17604,27
893,54409,27
894,53051,27
895,98700,27
896,80204,27
897,46014,27
898,75251,27
899,87109,27
900,64064,27
901,17901,27
902,99701,27
903,49120,27
904,29406,27
905,63670,27
906,45014,27
907,92708,27
908,19973,27
909,19971,27
910,70433,27
911,49307,27
912,11527,27
913,60453,27
914,34471,27
915,24501,27
916,45230,27
917,48439,27
918,60614,26
919,17837,26
920,8908,26
921,52074,26
922,2214,26
923,12801,26
924,62226,26
925,25198,26
926,18017,26
927,81008,26
928,65201,26
929,33442,26
930,44130,26
931,92270,26
932,91105,26
933,37620,26
934,98531,26
935,60901,26
936,13915,26
937,18103,26
938,27104,26
939,70115,26
940,32608,26
941,28078,26
942,35249,26
943,31701,26
944,29607,26
945,49933,26
946,77380,25
947,75010,25
948,85710,25
949,61832,25
950,42003,25
951,87042,25
952,88301,25
953,77026,25
954,10011,25
955,95602,25
956,45211,25
957,95616,25
958,17044,25
959,94520,25
960,44203,25
961,80260,25
962,80211,25
963,21079,25
964,7039,25
965,7112,25
966,27893,25
967,29403,25
968,17522,25
969,33006,25
970,94945,25
971,20037,25
972,72000,25
973,61938,25
974,6030,25
975,4412,25
976,14620,25
977,11733,25
978,29401,25
979,10060,25
980,6856,25
981,33607,25
982,90706,25
983,69126,25
984,152,24
985,40245,24
986,92618,24
987,85054,24
988,12200,24
989,189,24
990,92879,24
991,92505,24
992,59100,24
993,64116,24
994,88011,24
995,80909,24
996,21202,24
997,21044,24
998,67091,24
999,56401,24
1000,93401,24
1001,3301,24
1002,43100,24
1003,50129,24
1004,50036,24
1005,21701,24
1006,75201,24
1007,50158,24
1008,63017,24
1009,80336,24
1010,44131,24
1011,80111,23
1012,41701,23
1013,53233,23
1014,95356,23
1015,60048,23
1016,23666,23
1017,46032,23
1018,28207,23
1019,90813,23
1020,22408,23
1021,75651,23
1022,44308,23
1023,21801,23
1024,30265,23
1025,44136,23
1026,49431,23
1027,29609,23
1028,87401,23
1029,23226,23
1030,98034,23
1031,56100,23
1032,28792,23
1033,40225,23
1034,33426,23
1035,37044,23
1036,71110,23
1037,98503,23
1038,80224,23
1039,46321,23
1040,95065,23
1041,86336,23
1042,63011,23
1043,59801,23
1044,76100,22
1045,41124,22
1046,85925,22
1047,71013,22
1048,22042,22
1049,89102,22
1050,83619,22
1051,3102,22
1052,93030,22
1053,80222,22
1054,33905,22
1055,39202,22
1056,44708,22
1057,2130,22
1058,83686,22
1059,80229,22
1060,84770,22
1061,18009,22
1062,8876,22
1063,90089,22
1064,17331,22
1065,60451,22
1066,76177,22
1067,72015,22
1068,46544,22
1069,58201,22
1070,89113,22
1071,13326,22
1072,19004,22
1073,94806,22
1074,82131,22
1075,11528,22
1076,94545,22
1077,92069,22
1078,23462,22
1079,24127,22
1080,50401,22
1081,29203,22
1082,3115,22
1083,98632,21
1084,33180,21
1085,92335,21
1086,39120,21
1087,35042,21
1088,42100,21
1089,46804,21
1090,41014,21
1091,63376,21
1092,50924,21
1093,5602,21
1094,75701,21
1095,14080,21
1096,98686,21
1097,17007,21
1098,72758,21
1099,45801,21
1100,45202,21
1101,38801,21
1102,83864,21
1103,69008,21
1104,45069,21
1105,12601,21
1106,15090,21
1107,11217,21
1108,38119,21
1109,92807,21
1110,31000,21
1111,77598,21
1112,28054,21
1113,97504,21
1114,20014,21
1115,52100,21
1116,98107,21
1117,67601,21
1118,8360,20
1119,7103,20
1120,77479,20
1121,25701,20
1122,84101,20
1123,98001,20
1124,84103,20
1125,1605,20
1126,64057,20
1127,91402,20
1128,44280,20
1129,45136,20
1130,76712,20
1131,80110,20
1132,96859,20
1133,60560,20
1134,37067,20
1135,78701,20
1136,6202,20
1137,60099,20
1138,51503,20
1139,75090,20
1140,70118,20
1141,90034,20
1142,23538,20
1143,60640,20
1144,7753,20
1145,80026,20
1146,91367,20
1147,7740,20
1148,75015,20
1149,91706,20
1150,32827,20
1151,53038,20
1152,39581,20
1153,1854,20
1154,33305,20
1155,89503,20
1156,21218,20
1157,73100,20
1158,95124,20
1159,37421,20
1160,38671,20
1161,20910,20
1162,19380,20
1163,77090,20
1164,72202,20
1165,83100,20
1166,3010,20
1167,51092,20
1168,50501,20
1169,78759,20
1170,56537,20
1171,6810,20
1172,98002,20
1173,44202,20
1174,87110,20
1175,40509,20
1176,15215,20
1177,41009,20
1178,84604,19
1179,48123,19
1180,53024,19
1181,7198,19
1182,6457,19
1183,89121,19
1184,30150,19
1185,60134,19
1186,7871,19
1187,27262,19
1188,81925,19
1189,75571,19
1190,27518,19
1191,927,19
1192,14033,19
1193,95901,19
1194,29,19
1195,90073,19
1196,89119,19
1197,94800,19
1198,4856,19
1199,61362,19
1200,45247,19
1201,3246,19
1202,26121,19
1203,68046,19
1204,14000,19
1205,93940,19
1206,40004,19
1207,67530,19
1208,90710,19
1209,80303,19
1210,66502,19
1211,21502,19
1212,58103,19
1213,33435,19
1214,68000,19
1215,94608,19
1216,28009,19
1217,89149,19
1218,52803,19
1219,26500,19
1220,23601,19
1221,10469,19
1222,6708,19
1223,10017,19
1224,27216,19
1225,112,19
1226,29651,19
1227,81501,19
1228,66762,19
1229,40215,19
1230,50702,18
1231,35043,18
1232,78052,18
1233,23007,18
1234,97030,18
1235,10408,18
1236,92262,18
1237,60488,18
1238,75908,18
1239,94553,18
1240,31052,18
1241,47904,18
1242,15237,18
1243,85712,18
1244,93449,18
1245,29464,18
1246,40005,18
1247,98506,18
1248,21000,18
1249,73505,18
1250,2860,18
1251,7652,18
1252,75601,18
1253,19141,18
1254,10048,18
1255,8724,18
1256,76210,18
1257,4102,18
1258,54307,18
1259,15601,18
1260,60141,18
1261,6519,18
1262,65802,18
1263,48105,18
1264,58701,18
1265,90242,18
1266,37204,18
1267,83501,18
1268,45404,18
1269,10940,18
1270,95687,18
1271,88000,18
1272,98273,18
1273,45255,17
1274,84143,17
1275,19464,17
1276,53209,17
1277,93009,17
1278,66061,17
1279,78723,17
1280,29646,17
1281,20230,17
1282,97420,17
1283,98431,17
1284,62301,17
1285,85032,17
1286,93636,17
1287,53406,17
1288,6500,17
1289,98284,17
1290,60305,17
1291,95682,17
1292,20052,17
1293,71130,17
1294,37208,17
1295,75185,17
1296,6511,17
1297,47303,17
1298,77054,17
1299,84321,17
1300,14905,17
1301,97222,17
1302,53142,17
1303,70072,17
1304,98332,17
1305,27889,17
1306,97405,17
1307,81502,17
1308,94574,17
1309,46617,17
1310,98108,17
1311,34376,17
1312,34000,17
1313,96161,17
1314,54290,17
1315,95603,17
1316,29506,17
1317,78411,17
1318,48084,17
1319,17701,17
1320,96793,17
1321,98033,17
1322,40504,17
1323,90502,17
1324,68701,17
1325,53121,17
1326,82001,17
1327,89182,17
1328,84003,16
1329,30303,16
1330,37343,16
1331,91801,16
1332,11432,16
1333,50200,16
1334,79905,16
1335,19063,16
1336,33407,16
1337,38104,16
1338,1317,16
1339,32611,16
1340,24115,16
1341,68845,16
1342,1930,16
1343,71202,16
1344,60608,16
1345,75075,16
1346,79606,16
1347,47130,16
1348,63130,16
1349,1915,16
1350,17176,16
1351,18045,16
1352,71000,16
1353,51109,16
1354,37363,16
1355,54937,16
1356,52402,16
1357,22903,16
1358,90430,16
1359,34125,16
1360,15146,16
1361,70065,16
1362,98022,16
1363,94086,16
1364,32114,16
1365,75014,16
1366,78665,16
1367,69437,16
1368,80933,16
1369,7503,16
1370,40165,16
1371,6790,16
1372,13620,16
1373,54911,16
1374,34239,16
1375,73730,16
1376,75460,16
1377,80054,16
1378,98335,16
1379,24060,16
1380,37126,16
1381,33458,15
1382,46256,15
1383,49519,15
1384,84720,15
1385,12203,15
1386,15301,15
1387,98110,15
1388,51102,15
1389,92501,15
1390,94533,15
1391,24541,15
1392,78745,15
1393,99089,15
1394,78258,15
1395,19047,15
1396,23114,15
1397,32073,15
1398,96706,15
1399,10549,15
1400,76014,15
1401,45504,15
1402,7631,15
1403,75970,15
1404,61636,15
1405,70503,15
1406,35040,15
1407,17403,15
1408,21157,15
1409,45657,15
1410,44024,15
1411,91942,15
1412,98036,15
1413,20814,15
1414,15132,15
1415,28806,15
1416,92612,15
1417,37075,15
1418,62794,15
1419,47150,15
1420,17210,15
1421,94598,15
1422,12808,15
1423,13009,15
1424,66801,15
1425,32503,15
1426,94588,15
1427,79902,15
1428,3203,15
1429,43213,15
1430,53717,15
1431,13419,15
1432,92210,15
1433,10022,15
1434,90017,15
1435,61024,15
1436,17109,15
1437,35340,15
1438,7548,15
1439,60596,15
1440,71105,15
1441,30120,15
1442,90127,14
1443,92705,14
1444,20231,14
1445,49770,14
1446,47802,14
1447,8648,14
1448,13790,14
1449,69361,14
1450,60026,14
1451,40139,14
1452,49829,14
1453,89075,14
1454,69040,14
1455,6473,14
1456,6611,14
1457,9060,14
1458,30901,14
1459,38700,14
1460,32429,14
1461,3909,14
1462,60657,14
1463,60077,14
1464,71101,14
1465,69103,14
1466,99010,14
1467,80337,14
1468,28223,14
1469,75012,14
1470,66604,14
1471,91342,14
1472,34994,14
1473,44906,14
1474,52501,14
1475,7747,14
1476,30045,14
1477,15065,14
1478,78681,14
1479,90069,14
1480,28739,14
1481,2908,14
1482,6830,14
1483,15243,14
1484,33143,14
1485,27302,14
1486,32206,14
1487,94110,14
1488,10305,14
1489,14621,14
1490,67846,14
1491,30008,13
1492,40353,13
1493,79701,13
1494,36688,13
1495,16346,13
1496,74133,13
1497,58013,13
1498,93901,13
1499,37134,13
1500,20815,13
1501,128,13
1502,70808,13
1503,85012,13
1504,46015,13
1505,27609,13
1506,90146,13
1507,92121,13
1508,40002,13
1509,88034,13
1510,59501,13
1511,21224,13
1512,90419,13
1513,76137,13
1514,15025,13
1515,99437,13
1516,60389,13
1517,94117,13
1518,57401,13
1519,90602,13
1520,12002,13
1521,34093,13
1522,47900,13
1523,88100,13
1524,26003,13
1525,67098,13
1526,91767,13
1527,57201,13
1528,21029,13
1529,22100,13
1530,5403,13
1531,92404,13
1532,6477,13
1533,35205,13
1534,49055,13
1535,1608,13
1536,45212,13
1537,75093,13
1538,41101,13
1539,93534,13
1540,37000,13
1541,6824,13
1542,98005,13
1543,61107,13
1544,39104,13
1545,84918,13
1546,15236,13
1547,19460,13
1548,58102,13
1549,2462,13
1550,21133,13
1551,60631,13
1552,28105,13
1553,56068,13
1554,28602,13
1555,33520,13
1556,91031,13
1557,6489,13
1558,94568,13
1559,92008,13
1560,88014,13
1561,35243,13
1562,44129,13
1563,44309,13
1564,42431,13
1565,84107,13
1566,85260,12
1567,6418,12
1568,6606,12
1569,15901,12
1570,15401,12
1571,92118,12
1572,46410,12
1573,28803,12
1574,13005,12
1575,29732,12
1576,18512,12
1577,43212,12
1578,92663,12
1579,42701,12
1580,19124,12
1581,48043,12
1582,78758,12
1583,78000,12
1584,29720,12
1585,7450,12
1586,48446,12
1587,27704,12
1588,19612,12
1589,99504,12
1590,6516,12
1591,72100,12
1592,45004,12
1593,85306,12
1594,90505,12
1595,31403,12
1596,1923,12
1597,75005,12
1598,74245,12
1599,18105,12
1600,44791,12
1601,34652,12
1602,61104,12
1603,53547,12
1604,29200,12
1605,77702,12
1606,97330,12
1607,290,12
1608,23900,12
1609,60202,12
1610,94000,12
1611,23708,12
1612,28922,12
1613,46805,12
1614,92653,12
1615,93049,12
1616,56124,12
1617,80637,12
1618,3820,12
1619,21034,12
1620,81737,12
1621,75020,12
1622,20422,12
1623,32204,12
1624,74104,12
1625,6156,12
1626,22081,12
1627,91328,12
1628,12110,12
1629,14623,12
1630,27215,12
1631,54100,12
1632,94101,12
1633,24273,12
1634,69310,12
1635,1509,12
1636,11219,12
1637,18059,12
1638,30165,12
1639,33155,12
1640,58100,12
1641,48903,12
1642,64460,12
1643,80804,12
1644,24153,11
1645,7014,11
1646,63739,11
1647,23116,11
1648,90020,11
1649,29169,11
1650,63044,11
1651,27261,11
1652,28562,11
1653,48085,11
1654,98597,11
1655,32308,11
1656,64020,11
1657,37209,11
1658,30106,11
1659,95020,11
1660,12180,11
1661,63136,11
1662,35209,11
1663,28150,11
1664,94928,11
1665,18901,11
1666,27612,11
1667,99220,11
1668,17475,11
1669,35661,11
1670,70360,11
1671,42271,11
1672,46168,11
1673,31603,11
1674,8690,11
1675,11215,11
1676,60007,11
1677,34655,11
1678,6904,11
1679,98584,11
1680,48038,11
1681,3801,11
1682,32796,11
1683,10034,11
1684,92025,11
1685,63000,11
1686,15108,11
1687,10601,11
1688,32258,11
1689,63069,11
1690,86000,11
1691,16803,11
1692,43202,11
1693,56429,11
1694,82100,11
1695,69677,11
1696,33461,11
1697,32117,11
1698,43302,11
1699,10010,11
1700,7701,11
1701,85251,11
1702,95969,11
1703,35211,11
1704,94602,11
1705,8028,11
1706,65653,11
1707,50801,11
1708,57124,11
1709,28304,11
1710,76310,11
1711,53127,11
1712,6437,11
1713,67000,11
1714,42551,11
1715,41110,11
1716,78278,11
1717,33521,10
1718,23454,10
1719,67085,10
1720,20080,10
1721,95678,10
1722,55901,10
1723,11530,10
1724,50139,10
1725,17110,10
1726,48824,10
1727,94107,10
1728,75067,10
1729,24016,10
1730,75150,10
1731,20249,10
1732,6080,10
1733,53210,10
1734,89135,10
1735,4001,10
1736,37045,10
1737,46290,10
1738,30041,10
1739,32514,10
1740,25702,10
1741,46017,10
1742,66204,10
1743,28262,10
1744,89014,10
1745,79430,10
1746,70199,10
1747,21075,10
1748,43018,10
1749,98520,10
1750,75674,10
1751,59000,10
1752,54848,10
1753,60625,10
1754,38501,10
1755,71301,10
1756,19605,10
1757,65929,10
1758,19317,10
1759,10025,10
1760,30046,10
1761,86150,10
1762,45177,10
1763,28139,10
1764,33011,10
1765,97301,10
1766,27858,10
1767,60208,10
1768,24128,10
1769,10075,10
1770,26504,10
1771,71106,10
1772,53097,10
1773,53405,10
1774,35016,10
1775,70805,10
1776,31792,10
1777,8080,10
1778,28233,10
1779,30029,10
1780,88212,10
1781,11490,10
1782,98384,10
1783,61602,10
1784,75248,10
1785,79761,10
1786,48670,10
1787,92134,10
1788,48100,10
1789,46016,10
1790,7010,10
1791,22770,10
1792,77056,10
1793,55417,10
1794,23606,10
1795,34098,10
1796,92697,10
1797,1308,10
1798,48377,9
1799,39705,9
1800,37205,9
1801,11796,9
1802,98362,9
1803,91345,9
1804,20560,9
1805,40217,9
1806,7834,9
1807,27614,9
1808,20520,9
1809,1757,9
1810,44903,9
1811,32209,9
1812,61820,9
1813,11212,9
1814,3060,9
1815,2601,9
1816,62100,9
1817,55902,9
1818,18704,9
1819,85304,9
1820,48374,9
1821,95204,9
1822,92346,9
1823,56002,9
1824,936,9
1825,20142,9
1826,80335,9
1827,85015,9
1828,94612,9
1829,25124,9
1830,33611,9
1831,90036,9
1832,33000,9
1833,8270,9
1834,43204,9
1835,32005,9
1836,6760,9
1837,704,9
1838,91730,9
1839,33472,9
1840,95008,9
1841,48322,9
1842,72037,9
1843,73557,9
1844,29009,9
1845,64000,9
1846,85202,9
1847,41063,9
1848,6590,9
1849,36011,9
1850,98111,9
1851,90766,9
1852,55043,9
1853,32174,9
1854,34474,9
1855,18960,9
1856,24073,9
1857,2190,9
1858,18042,9
1859,26505,9
1860,33624,9
1861,85028,9
1862,68100,9
1863,81520,9
1864,79915,9
1865,87505,9
1866,85364,9
1867,16147,9
1868,95670,9
1869,25401,9
1870,84028,9
1871,47713,9
1872,90045,9
1873,23320,9
1874,18508,9
1875,23970,9
1876,77573,9
1877,33133,9
1878,33134,9
1879,77230,9
1880,22033,9
1881,65203,9
1882,23235,9
1883,42303,9
1884,40402,9
1885,92637,9
1886,9113,9
1887,4101,9
1888,33169,9
1889,2135,9
1890,37215,9
1891,19026,9
1892,3022,9
1893,77004,9
1894,49033,9
1895,51014,9
1896,16505,9
1897,76012,9
1898,8096,9
1899,92224,8
1900,98158,8
1901,1015,8
1902,38100,8
1903,50931,8
1904,32701,8
1905,48197,8
1906,55100,8
1907,89509,8
1908,43201,8
1909,28144,8
1910,95128,8
1911,31076,8
1912,8243,8
1913,57010,8
1914,18104,8
1915,79044,8
1916,31217,8
1917,48183,8
1918,30214,8
1919,19090,8
1920,80112,8
1921,9116,8
1922,33170,8
1923,15240,8
1924,63129,8
1925,78157,8
1926,48067,8
1927,75216,8
1928,99352,8
1929,67502,8
1930,53715,8
1931,7101,8
1932,53132,8
1933,22304,8
1934,4107,8
1935,13215,8
1936,45365,8
1937,78207,8
1938,28112,8
1939,80230,8
1940,60123,8
1941,70817,8
1942,19134,8
1943,64114,8
1944,34300,8
1945,66046,8
1946,60160,8
1947,91350,8
1948,91355,8
1949,58502,8
1950,46307,8
1951,47403,8
1952,75237,8
1953,70403,8
1954,44256,8
1955,12534,8
1956,78130,8
1957,5009,8
1958,85027,8
1959,13421,8
1960,98507,8
1961,133,8
1962,8308,8
1963,20832,8
1964,26133,8
1965,98368,8
1966,33600,8
1967,20121,8
1968,97201,8
1969,8755,8
1970,42270,8
1971,35392,8
1972,18547,8
1973,34662,8
1974,10367,8
1975,91361,8
1976,62002,8
1977,29000,8
1978,31602,8
1979,3000,8
1980,90292,8
1981,58452,8
1982,77384,8
1983,11201,8
1984,23249,8
1985,44100,8
1986,918,8
1987,38301,8
1988,75013,8
1989,77042,8
1990,12100,8
1991,54935,8
1992,21601,8
1993,26789,8
1994,1201,8
1995,74605,8
1996,43311,8
1997,73142,8
1998,44892,8
1999,49546,8
2000,18057,8
2001,73071,8
2002,64109,8
2003,75239,8
2004,33756,8
2005,90185,8
2006,1420,8
2007,717,8
2008,33409,8
2009,29379,8
2010,53295,8
2011,85381,8
2012,70126,8
2013,30274,8
2014,34119,8
2015,22793,8
2016,30177,8
2017,98418,8
2018,7728,8
2019,30174,8
2020,19046,8
2021,94503,8
2022,78041,8
2023,42123,8
2024,89519,7
2025,58675,7
2026,26101,7
2027,26330,7
2028,96049,7
2029,24201,7
2030,10967,7
2031,59711,7
2032,92161,7
2033,51375,7
2034,67065,7
2035,909,7
2036,85004,7
2037,27284,7
2038,74078,7
2039,38039,7
2040,28031,7
2041,76275,7
2042,27295,7
2043,60430,7
2044,6132,7
2045,92151,7
2046,11787,7
2047,90822,7
2048,47923,7
2049,48312,7
2050,51056,7
2051,48314,7
2052,32792,7
2053,57000,7
2054,60585,7
2055,20060,7
2056,21740,7
2057,33014,7
2058,98226,7
2059,97223,7
2060,30328,7
2061,53840,7
2062,48346,7
2063,15261,7
2064,11021,7
2065,180,7
2066,91343,7
2067,21100,7
2068,27408,7
2069,6040,7
2070,41345,7
2071,20099,7
2072,85741,7
2073,44857,7
2074,48230,7
2075,53111,7
2076,60020,7
2077,91702,7
2078,50012,7
2079,34390,7
2080,24116,7
2081,8950,7
2082,47630,7
2083,10676,7
2084,44800,7
2085,7675,7
2086,68070,7
2087,35216,7
2088,46825,7
2089,36607,7
2090,16150,7
2091,6726,7
2092,48858,7
2093,77520,7
2094,91750,7
2095,95900,7
2096,28117,7
2097,21093,7
2098,22185,7
2099,50048,7
2100,66113,7
2101,66822,7
2102,10707,7
2103,61037,7
2104,48604,7
2105,75028,7
2106,61114,7
2107,60190,7
2108,79415,7
2109,19114,7
2110,84124,7
2111,48066,7
2112,20902,7
2113,55139,7
2114,50141,7
2115,61122,7
2116,14015,7
2117,20877,7
2118,94121,7
2119,18000,7
2120,6451,7
2121,34303,7
2122,70376,7
2123,33609,7
2124,78412,7
2125,35801,7
2126,94705,7
2127,32177,7
2128,48706,7
2129,75042,7
2130,38133,7
2131,3063,7
2132,76090,7
2133,37240,7
2134,43221,7
2135,40479,7
2136,11080,7
2137,8050,7
2138,85122,7
2139,22015,7
2140,48708,7
2141,38642,7
2142,60525,7
2143,71100,6
2144,80206,6
2145,10449,6
2146,34070,6
2147,64710,6
2148,85721,6
2149,935,6
2150,21614,6
2151,78405,6
2152,95340,6
2153,34744,6
2154,32457,6
2155,85206,6
2156,92056,6
2157,48157,6
2158,44137,6
2159,92020,6
2160,95608,6
2161,22328,6
2162,1107,6
2163,78404,6
2164,22205,6
2165,80638,6
2166,7922,6
2167,63128,6
2168,90262,6
2169,28209,6
2170,6129,6
2171,2421,6
2172,92100,6
2173,21061,6
2174,50005,6
2175,36207,6
2176,44302,6
2177,19087,6
2178,29150,6
2179,46527,6
2180,85025,6
2181,20176,6
2182,90640,6
2183,75679,6
2184,10960,6
2185,52661,6
2186,40022,6
2187,92122,6
2188,8660,6
2189,75019,6
2190,8053,6
2191,1330,6
2192,1702,6
2193,5819,6
2194,8822,6
2195,45500,6
2196,28816,6
2197,4240,6
2198,78212,6
2199,11211,6
2200,52249,6
2201,60402,6
2202,46236,6
2203,43126,6
2204,37024,6
2205,29100,6
2206,32086,6
2207,1890,6
2208,66219,6
2209,67226,6
2210,64100,6
2211,32901,6
2212,29308,6
2213,60805,6
2214,27030,6
2215,2302,6
2216,71640,6
2217,7059,6
2218,31048,6
2219,79601,6
2220,18014,6
2221,92078,6
2222,3802,6
2223,28239,6
2224,13021,6
2225,28232,6
2226,7100,6
2227,33161,6
2228,27708,6
2229,13285,6
2230,1321,6
2231,95815,6
2232,72903,6
2233,95122,6
2234,27713,6
2235,90015,6
2236,11009,6
2237,86156,6
2238,33462,6
2239,20190,6
2240,22003,6
2241,14215,6
2242,76031,6
2243,41253,6
2244,9121,6
2245,76000,6
2246,41820,6
2247,58185,6
2248,40241,6
2249,7120,6
2250,31208,6
2251,38655,6
2252,46037,6
2253,95023,6
2254,77070,6
2255,14169,6
2256,54313,6
2257,65199,6
2258,6591,6
2259,33613,6
2260,30117,6
2261,34102,6
2262,70852,6
2263,33428,6
2264,77802,6
2265,14226,6
2266,14165,6
2267,84082,6
2268,77058,6
2269,66538,6
2270,48121,6
2271,23704,6
2272,61108,6
2273,69115,6
2274,53095,6
2275,32822,6
2276,35235,6
2277,2886,6
2278,1010,6
2279,90022,6
2280,5701,6
2281,27310,6
2282,28500,6
2283,28659,6
2284,32904,6
2285,8873,6
2286,48126,6
2287,2721,6
2288,46815,6
2289,23456,6
2290,91910,6
2291,33907,6
2292,69710,5
2293,92658,5
2294,18081,5
2295,14021,5
2296,165,5
2297,63122,5
2298,33077,5
2299,67655,5
2300,32713,5
2301,19013,5
2302,11235,5
2303,50935,5
2304,14059,5
2305,3833,5
2306,95926,5
2307,8054,5
2308,22191,5
2309,11070,5
2310,20002,5
2311,13015,5
2312,33173,5
2313,91325,5
2314,95100,5
2315,10098,5
2316,40235,5
2317,88015,5
2318,78218,5
2319,22901,5
2320,34890,5
2321,6518,5
2322,73300,5
2323,7901,5
2324,18030,5
2325,80262,5
2326,28625,5
2327,22087,5
2328,77009,5
2329,72753,5
2330,2915,5
2331,43410,5
2332,18510,5
2333,17605,5
2334,19122,5
2335,61231,5
2336,42055,5
2337,97527,5
2338,5004,5
2339,16001,5
2340,76015,5
2341,8221,5
2342,85742,5
2343,44000,5
2344,54636,5
2345,27003,5
2346,13083,5
2347,47714,5
2348,76018,5
2349,72120,5
2350,80217,5
2351,28557,5
2352,2703,5
2353,91204,5
2354,31406,5
2355,912,5
2356,60653,5
2357,28177,5
2358,1844,5
2359,20879,5
2360,29926,5
2361,3053,5
2362,14186,5
2363,33145,5
2364,68161,5
2365,76132,5
2366,32024,5
2367,6700,5
2368,63117,5
2369,1250,5
2370,13502,5
2371,69317,5
2372,60569,5
2373,32763,5
2374,85255,5
2375,29341,5
2376,30130,5
2377,34684,5
2378,33719,5
2379,11718,5
2380,23562,5
2381,93400,5
2382,64060,5
2383,71201,5
2384,11522,5
2385,16105,5
2386,23100,5
2387,33761,5
2388,33716,5
2389,63108,5
2390,43231,5
2391,21941,5
2392,11220,5
2393,4039,5
2394,8534,5
2395,25000,5
2396,11200,5
2397,46063,5
2398,48018,5
2399,78246,5
2400,48013,5
2401,19034,5
2402,16201,5
2403,48108,5
2404,20251,5
2405,48103,5
2406,29600,5
2407,94275,5
2408,92604,5
2409,39759,5
2410,41501,5
2411,28731,5
2412,1101,5
2413,85100,5
2414,11407,5
2415,38305,5
2416,75061,5
2417,95445,5
2418,84000,5
2419,5651,5
2420,29501,5
2421,63090,5
2422,33617,5
2423,15526,5
2424,6052,5
2425,65191,5
2426,40170,5
2427,83704,5
2428,76051,5
2429,24047,5
2430,42002,5
2431,42000,5
2432,27401,5
2433,83310,5
2434,2719,5
2435,89124,5
2436,38017,5
2437,54913,5
2438,22102,5
2439,77845,5
2440,15100,5
2441,30078,5
2442,27701,5
2443,50180,5
2444,95123,5
2445,3039,5
2446,18101,5
2447,30449,5
2448,14029,5
2449,21045,5
2450,19102,5
2451,78209,5
2452,46254,5
2453,28462,5
2454,52246,5
2455,6200,5
2456,14626,5
2457,29440,5
2458,29201,5
2459,49855,5
2460,19355,5
2461,70806,5
2462,43220,5
2463,70839,5
2464,79110,5
2465,89100,5
2466,44200,5
2467,14564,5
2468,2155,5
2469,92288,5
2470,35110,5
2471,44625,5
2472,59075,5
2473,38163,5
2474,39401,5
2475,92110,5
2476,27536,5
2477,36204,5
2478,32216,5
2479,33300,5
2480,28702,5
2481,62500,5
2482,91307,5
2483,15000,5
2484,16121,5
2485,16128,5
2486,44646,5
2487,32778,5
2488,30559,5
2489,27106,5
2490,68848,5
2491,30263,5
2492,2841,5
2493,71032,5
2494,167,5
2495,49000,5
2496,49008,5
2497,48867,5
2498,92117,5
2499,29208,5
2500,41071,5
2501,77060,5
2502,38114,4
2503,21131,4
2504,33012,4
2505,2720,4
2506,34667,4
2507,26301,4
2508,21742,4
2509,90100,4
2510,34223,4
2511,78463,4
2512,6762,4
2513,9042,4
2514,14424,4
2515,43026,4
2516,11422,4
2517,7666,4
2518,81632,4
2519,10310,4
2520,33614,4
2521,2360,4
2522,33016,4
2523,78045,4
2524,9016,4
2525,8304,4
2526,70185,4
2527,21682,4
2528,28053,4
2529,28352,4
2530,22911,4
2531,2169,4
2532,91052,4
2533,75000,4
2534,7724,4
2535,55041,4
2536,24502,4
2537,37064,4
2538,87000,4
2539,36043,4
2540,32250,4
2541,98502,4
2542,22767,4
2543,11209,4
2544,65702,4
2545,28012,4
2546,31134,4
2547,61032,4
2548,60463,4
2549,39100,4
2550,72764,4
2551,48081,4
2552,65000,4
2553,51465,4
2554,32159,4
2555,32955,4
2556,8818,4
2557,75204,4
2558,60062,4
2559,37023,4
2560,60064,4
2561,60702,4
2562,80910,4
2563,40506,4
2564,22030,4
2565,95070,4
2566,155,4
2567,20307,4
2568,2125,4
2569,28644,4
2570,20155,4
2571,21018,4
2572,29118,4
2573,47574,4
2574,84108,4
2575,50586,4
2576,75006,4
2577,14048,4
2578,97517,4
2579,61100,4
2580,77034,4
2581,33065,4
2582,33064,4
2583,78550,4
2584,57001,4
2585,18301,4
2586,46158,4
2587,12351,4
2588,98052,4
2589,40100,4
2590,90210,4
2591,44266,4
2592,41404,4
2593,29577,4
2594,94804,4
2595,92660,4
2596,24100,4
2597,30329,4
2598,81241,4
2599,93000,4
2600,35000,4
2601,20003,4
2602,18925,4
2603,33098,4
2604,33125,4
2605,83000,4
2606,60616,4
2607,29209,4
2608,80132,4
2609,66211,4
2610,35291,4
2611,73112,4
2612,7058,4
2613,78666,4
2614,85040,4
2615,97216,4
2616,37235,4
2617,34236,4
2618,33328,4
2619,77478,4
2620,2920,4
2621,95126,4
2622,2120,4
2623,33156,4
2624,8540,4
2625,29902,4
2626,67100,4
2627,65130,4
2628,20357,4
2629,27577,4
2630,84020,4
2631,24382,4
2632,73117,4
2633,90470,4
2634,41464,4
2635,13440,4
2636,91754,4
2637,56000,4
2638,88214,4
2639,97448,4
2640,40000,4
2641,85297,4
2642,86015,4
2643,40050,4
2644,44033,4
2645,82362,4
2646,74140,4
2647,3310,4
2648,87039,4
2649,21702,4
2650,85308,4
2651,84070,4
2652,74374,4
2653,92350,4
2654,73230,4
2655,20770,4
2656,89511,4
2657,98039,4
2658,78240,4
2659,33124,4
2660,32960,4
2661,84095,4
2662,24457,4
2663,34117,4
2664,959,4
2665,43102,4
2666,37662,4
2667,78028,4
2668,60336,4
2669,60031,4
2670,20774,4
2671,45239,4
2672,53203,4
2673,54000,4
2674,47166,4
2675,54519,4
2676,7754,4
2677,33487,4
2678,68305,4
2679,48431,4
2680,31100,4
2681,36100,4
2682,3100,4
2683,28210,4
2684,46123,4
2685,18537,4
2686,33030,4
2687,77094,4
2688,38901,4
2689,39501,4
2690,91741,4
2691,92627,4
2692,23229,4
2693,85018,4
2694,19146,4
2695,54500,4
2696,54035,4
2697,21244,4
2698,60563,4
2699,90050,4
2700,30005,4
2701,8234,4
2702,71315,4
2703,60487,4
2704,14853,4
2705,10038,4
2706,50701,4
2707,28607,4
2708,63225,4
2709,17011,4
2710,77074,4
2711,33759,4
2712,59063,4
2713,1100,4
2714,71210,4
2715,7939,4
2716,7070,4
2717,65101,4
2718,83404,4
2719,45322,4
2720,30110,4
2721,18501,4
2722,37211,4
2723,7044,4
2724,45067,4
2725,10532,4
2726,33647,4
2727,78050,4
2728,83400,4
2729,10466,4
2730,47804,4
2731,53113,4
2732,39670,4
2733,93102,4
2734,40136,4
2735,97404,4
2736,78596,4
2737,17607,4
2738,99503,4
2739,91324,4
2740,83056,4
2741,59800,4
2742,60121,4
2743,68105,4
2744,54915,4
2745,6850,4
2746,28402,4
2747,3103,4
2748,37604,4
2749,3501,4
2750,1236,4
2751,2138,4
2752,16059,4
2753,13347,3
2754,4980,3
2755,37129,3
2756,44622,3
2757,76008,3
2758,23563,3
2759,9006,3
2760,23561,3
2761,14618,3
2762,60606,3
2763,39213,3
2764,91356,3
2765,31300,3
2766,30909,3
2767,22000,3
2768,30121,3
2769,34461,3
2770,30900,3
2771,37167,3
2772,50080,3
2773,13905,3
2774,39130,3
2775,29524,3
2776,45879,3
2777,33313,3
2778,92806,3
2779,7739,3
2780,78539,3
2781,37917,3
2782,12010,3
2783,33135,3
2784,34691,3
2785,95028,3
2786,10103,3
2787,30134,3
2788,63021,3
2789,25100,3
2790,84902,3
2791,23000,3
2792,26122,3
2793,33709,3
2794,91206,3
2795,19083,3
2796,69600,3
2797,92104,3
2798,79539,3
2799,90807,3
2800,49124,3
2801,25240,3
2802,76133,3
2803,716,3
2804,149,3
2805,84111,3
2806,58128,3
2807,37923,3
2808,98683,3
2809,33332,3
2810,10138,3
2811,6847,3
2812,41061,3
2813,41825,3
2814,4011,3
2815,30324,3
2816,72704,3
2817,55414,3
2818,1841,3
2819,8007,3
2820,8009,3
2821,77550,3
2822,36071,3
2823,37076,3
2824,46208,3
2825,92886,3
2826,24701,3
2827,50677,3
2828,51100,3
2829,79938,3
2830,1127,3
2831,8816,3
2832,49005,3
2833,15701,3
2834,39245,3
2835,90840,3
2836,32774,3
2837,70001,3
2838,59071,3
2839,42283,3
2840,59045,3
2841,61080,3
2842,21227,3
2843,8720,3
2844,16635,3
2845,86001,3
2846,20521,3
2847,93065,3
2848,90029,3
2849,25011,3
2850,10704,3
2851,961,3
2852,2113,3
2853,20211,3
2854,81101,3
2855,1120,3
2856,91344,3
2857,67063,3
2858,6032,3
2859,44460,3
2860,87100,3
2861,4020,3
2862,93463,3
2863,54703,3
2864,62290,3
2865,46383,3
2866,21047,3
2867,80010,3
2868,29011,3
2869,8024,3
2870,34747,3
2871,81100,3
2872,92101,3
2873,81401,3
2874,38103,3
2875,54642,3
2876,37408,3
2877,80002,3
2878,80000,3
2879,33144,3
2880,97309,3
2881,33919,3
2882,92844,3
2883,44670,3
2884,11795,3
2885,76017,3
2886,76011,3
2887,10468,3
2888,93308,3
2889,45249,3
2890,84034,3
2891,38126,3
2892,70000,3
2893,28211,3
2894,77062,3
2895,75181,3
2896,11373,3
2897,78205,3
2898,81545,3
2899,83041,3
2900,97006,3
2901,29910,3
2902,81601,3
2903,22190,3
2904,1742,3
2905,34205,3
2906,60477,3
2907,15208,3
2908,4277,3
2909,38834,3
2910,90220,3
2911,84131,3
2912,18435,3
2913,66100,3
2914,93710,3
2915,17601,3
2916,92140,3
2917,75203,3
2918,76135,3
2919,91710,3
2920,70390,3
2921,33071,3
2922,91360,3
2923,20852,3
2924,43016,3
2925,22290,3
2926,29412,3
2927,36024,3
2928,28911,3
2929,88017,3
2930,7012,3
2931,33511,3
2932,32003,3
2933,2781,3
2934,24000,3
2935,8034,3
2936,15666,3
2937,75082,3
2938,30281,3
2939,74100,3
2940,74101,3
2941,21122,3
2942,30171,3
2943,37055,3
2944,33150,3
2945,14195,3
2946,33441,3
2947,12065,3
2948,917,3
2949,20705,3
2950,78233,3
2951,28220,3
2952,45408,3
2953,85006,3
2954,65025,3
2955,73103,3
2956,85000,3
2957,57252,3
2958,80134,3
2959,54907,3
2960,70119,3
2961,80020,3
2962,18107,3
2963,32605,3
2964,39404,3
2965,2904,3
2966,69655,3
2967,90650,3
2968,46050,3
2969,43952,3
2970,33126,3
2971,35062,3
2972,24071,3
2973,33410,3
2974,60431,3
2975,70200,3
2976,59808,3
2977,13253,3
2978,10050,3
2979,91723,3
2980,38122,3
2981,30384,3
2982,64283,3
2983,12902,3
2984,20742,3
2985,48909,3
2986,56025,3
2987,95655,3
2988,93586,3
2989,11366,3
2990,91405,3
2991,38000,3
2992,12245,3
2993,65189,3
2994,55743,3
2995,90057,3
2996,11777,3
2997,9134,3
2998,8057,3
2999,1960,3
3000,56308,3
3001,12053,3
3002,98165,3
3003,15121,3
3004,45206,3
3005,48059,3
3006,57100,3
3007,91786,3
3008,46268,3
3009,50674,3
3010,1323,3
3011,66424,3
3012,93510,3
3013,45257,3
3014,35019,3
3015,65124,3
3016,72622,3
3017,53266,3
3018,30084,3
3019,62012,3
3020,22399,3
3021,11600,3
3022,6600,3
3023,84405,3
3024,11001,3
3025,4210,3
3026,35213,3
3027,8865,3
3028,7109,3
3029,20127,3
3030,68154,3
3031,22060,3
3032,98125,3
3033,28208,3
3034,833,3
3035,85718,3
3036,37066,3
3037,36526,3
3038,28850,3
3039,54769,3
3040,11803,3
3041,11355,3
3042,32257,3
3043,91436,3
3044,19002,3
3045,42103,3
3046,89202,3
3047,75708,3
3048,15219,3
3049,926,3
3050,56001,3
3051,39601,3
3052,4129,3
3053,48088,3
3054,921,3
3055,20895,3
3056,89201,3
3057,19610,3
3058,27707,3
3059,3755,3
3060,33060,3
3061,45100,3
3062,55904,3
3063,6230,3
3064,78200,3
3065,91522,3
3066,10174,3
3067,45103,3
3068,43230,3
3069,80187,3
3070,46112,3
3071,47402,3
3072,5652,3
3073,22801,3
3074,1009,3
3075,33710,3
3076,12462,3
3077,14467,3
3078,19118,3
3079,37207,3
3080,11312,3
3081,85023,3
3082,71800,3
3083,88996,3
3084,24103,3
3085,23225,3
3086,10027,3
3087,47441,3
3088,78215,3
3089,4266,3
3090,71304,3
3091,80246,3
3092,22763,3
3093,75035,3
3094,6122,3
3095,60131,3
3096,151,3
3097,31021,3
3098,51067,3
3099,7052,3
3100,73116,3
3101,99974,3
3102,33162,3
3103,49506,3
3104,70374,2
3105,60125,2
3106,14627,2
3107,23035,2
3108,71052,2
3109,71004,2
3110,31520,2
3111,38042,2
3112,67090,2
3113,32756,2
3114,66212,2
3115,8820,2
3116,67547,2
3117,6110,2
3118,2117,2
3119,66214,2
3120,68144,2
3121,68516,2
3122,35760,2
3123,92562,2
3124,67207,2
3125,94901,2
3126,34997,2
3127,10533,2
3128,92502,2
3129,30035,2
3130,33070,2
3131,45600,2
3132,63106,2
3133,69009,2
3134,1852,2
3135,6610,2
3136,98145,2
3137,69394,2
3138,60173,2
3139,32127,2
3140,36305,2
3141,10709,2
3142,98229,2
3143,84094,2
3144,38802,2
3145,32751,2
3146,20149,2
3147,70174,2
3148,70176,2
3149,99577,2
3150,41830,2
3151,985,2
3152,52146,2
3153,60053,2
3154,28942,2
3155,56403,2
3156,6062,2
3157,24740,2
3158,16761,2
3159,18574,2
3160,6420,2
3161,33024,2
3162,75050,2
3163,60607,2
3164,26480,2
3165,33025,2
3166,10104,2
3167,91411,2
3168,52336,2
3169,13126,2
3170,34292,2
3171,10924,2
3172,8026,2
3173,2451,2
3174,96450,2
3175,7760,2
3176,41016,2
3177,3766,2
3178,82606,2
3179,10522,2
3180,77089,2
3181,47051,2
3182,11941,2
3183,39576,2
3184,10900,2
3185,75063,2
3186,11100,2
3187,11103,2
3188,89191,2
3189,41000,2
3190,44652,2
3191,85711,2
3192,41260,2
3193,10713,2
3194,10304,2
3195,35015,2
3196,74010,2
3197,27804,2
3198,10719,2
3199,70210,2
3200,44787,2
3201,45659,2
3202,48382,2
3203,81362,2
3204,19901,2
3205,35630,2
3206,30030,2
3207,97124,2
3208,77005,2
3209,77007,2
3210,46980,2
3211,25705,2
3212,20153,2
3213,30310,2
3214,60010,2
3215,46702,2
3216,47012,2
3217,60085,2
3218,80100,2
3219,49074,2
3220,84117,2
3221,18944,2
3222,37160,2
3223,94120,2
3224,35020,2
3225,69400,2
3226,2129,2
3227,35022,2
3228,7444,2
3229,20234,2
3230,92150,2
3231,30905,2
3232,4901,2
3233,41700,2
3234,28358,2
3235,28905,2
3236,69032,2
3237,31203,2
3238,76164,2
3239,30332,2
3240,30331,2
3241,27517,2
3242,22027,2
3243,65211,2
3244,1135,2
3245,28451,2
3246,75100,2
3247,68118,2
3248,20095,2
3249,48235,2
3250,33321,2
3251,45000,2
3252,83280,2
3253,88045,2
3254,44534,2
3255,13000,2
3256,10471,2
3257,11206,2
3258,7646,2
3259,90805,2
3260,48047,2
3261,98668,2
3262,3340,2
3263,8029,2
3264,34362,2
3265,90606,2
3266,2445,2
3267,72115,2
3268,12061,2
3269,85021,2
3270,16602,2
3271,34371,2
3272,19020,2
3273,42080,2
3274,47710,2
3275,20184,2
3276,82152,2
3277,27000,2
3278,27006,2
3279,15323,2
3280,87439,2
3281,66241,2
3282,40620,2
3283,96822,2
3284,60045,2
3285,21225,2
3286,31003,2
3287,35039,2
3288,28612,2
3289,73019,2
3290,78660,2
3291,46530,2
3292,94583,2
3293,19014,2
3294,32935,2
3295,51301,2
3296,50659,2
3297,19446,2
3298,50169,2
3299,12550,2
3300,919,2
3301,65549,2
3302,35037,2
3303,80952,2
3304,910,2
3305,70815,2
3306,91205,2
3307,12401,2
3308,33880,2
3309,13087,2
3310,33027,2
3311,13088,2
3312,77027,2
3313,10512,2
3314,48683,2
3315,92882,2
3316,3186,2
3317,22010,2
3318,78306,2
3319,80209,2
3320,94105,2
3321,21005,2
3322,70840,2
3323,58515,2
3324,21680,2
3325,66000,2
3326,2472,2
3327,50679,2
3328,34500,2
3329,79104,2
3330,83022,2
3331,30460,2
3332,30606,2
3333,28403,2
3334,90449,2
3335,15102,2
3336,40292,2
3337,40201,2
3338,2132,2
3339,19403,2
3340,11576,2
3341,38652,2
3342,29285,2
3343,75062,2
3344,30599,2
3345,37087,2
3346,14140,2
3347,68165,2
3348,58504,2
3349,69337,2
3350,11706,2
3351,48152,2
3352,60089,2
3353,7432,2
3354,75234,2
3355,60528,2
3356,33980,2
3357,97422,2
3358,34208,2
3359,33063,2
3360,89703,2
3361,46143,2
3362,63101,2
3363,63103,2
3364,14609,2
3365,49614,2
3366,90560,2
3367,97231,2
3368,41931,2
3369,94035,2
3370,38401,2
3371,1506,2
3372,31270,2
3373,8970,2
3374,57123,2
3375,44406,2
3376,86169,2
3377,85745,2
3378,51057,2
3379,63310,2
3380,32657,2
3381,19152,2
3382,19401,2
3383,92300,2
3384,15517,2
3385,39108,2
3386,14222,2
3387,42277,2
3388,33146,2
3389,17111,2
3390,11385,2
3391,23321,2
3392,92592,2
3393,28754,2
3394,77843,2
3395,93306,2
3396,77386,2
3397,2881,2
3398,92780,2
3399,68022,2
3400,86120,2
3401,16125,2
3402,11526,2
3403,11525,2
3404,38010,2
3405,96816,2
3406,32801,2
3407,33781,2
3408,91762,2
3409,91761,2
3410,61363,2
3411,30096,2
3412,70031,2
3413,6735,2
3414,78235,2
3415,7608,2
3416,75243,2
3417,1224,2
3418,24211,2
3419,48336,2
3420,8240,2
3421,1133,2
3422,75877,2
3423,67010,2
3424,11065,2
3425,40133,2
3426,70211,2
3427,92617,2
3428,18618,2
3429,2141,2
3430,29424,2
3431,10128,2
3432,78219,2
3433,45040,2
3434,70471,2
3435,98055,2
3436,9037,2
3437,19131,2
3438,46227,2
3439,14450,2
3440,46226,2
3441,62701,2
3442,92114,2
3443,22587,2
3444,10317,2
3445,58260,2
3446,20006,2
3447,97000,2
3448,98012,2
3449,6540,2
3450,6513,2
3451,32814,2
3452,94160,2
3453,2321,2
3454,13008,2
3455,76105,2
3456,42001,2
3457,66111,2
3458,94710,2
3459,83702,2
3460,33804,2
3461,8854,2
3462,51000,2
3463,91056,2
3464,63351,2
3465,90021,2
3466,77303,2
3467,76504,2
3468,15562,2
3469,52001,2
3470,92646,2
3471,92648,2
3472,34121,2
3473,28744,2
3474,27516,2
3475,83045,2
3476,92009,2
3477,6620,2
3478,50000,2
3479,7207,2
3480,86132,2
3481,11023,2
3482,50006,2
3483,37804,2
3484,18055,2
3485,5201,2
3486,38009,2
3487,47500,2
3488,86050,2
3489,21015,2
3490,7733,2
3491,73126,2
3492,15905,2
3493,2006,2
3494,15203,2
3495,75219,2
3496,9130,2
3497,10249,2
3498,33449,2
3499,45276,2
3500,20000,2
3501,84065,2
3502,78213,2
3503,13581,2
3504,8661,2
3505,20008,2
3506,24019,2
3507,77701,2
3508,10028,2
3509,97219,2
3510,70014,2
3511,42070,2
3512,40113,2
3513,68901,2
3514,44320,2
3515,91776,2
3516,95032,2
3517,63303,2
3518,50226,2
3519,4073,2
3520,59494,2
3521,87500,2
3522,98374,2
3523,24004,2
3524,80060,2
3525,90880,2
3526,58104,2
3527,90717,2
3528,14025,2
3529,10018,2
3530,78829,2
3531,97207,2
3532,94025,2
3533,10015,2
3534,22904,2
3535,33166,2
3536,74203,2
3537,90241,2
3538,78201,2
3539,12345,2
3540,14974,2
3541,4509,2
3542,20011,2
3543,37996,2
3544,64320,2
3545,84341,2
3546,4005,2
3547,52000,2
3548,30338,2
3549,20036,2
3550,90716,2
3551,33470,2
3552,22260,2
3553,18454,2
3554,96317,2
3555,77694,2
3556,15206,2
3557,11356,2
3558,14221,2
3559,11365,2
3560,6504,2
3561,10617,2
3562,1223,2
3563,76107,2
3564,0,2
3565,40513,2
3566,83278,2
3567,48145,2
3568,6002,2
3569,46150,2
3570,92374,2
3571,34365,2
3572,45203,2
3573,45170,2
3574,85050,2
3575,86100,2
3576,90712,2
3577,31707,2
3578,1221,2
3579,47408,2
3580,62704,2
3581,90201,2
3582,6090,2
3583,95847,2
3584,56377,2
3585,94469,2
3586,91107,2
3587,41950,2
3588,98043,2
3589,37130,2
3590,97980,2
3591,34135,2
3592,92691,2
3593,85723,2
3594,6097,2
3595,70506,2
3596,43007,2
3597,57085,2
3598,94534,2
3599,22297,2
3600,35223,2
3601,22939,2
3602,92223,2
3603,59385,2
3604,40024,2
3605,40356,2
3606,13011,2
3607,33378,2
3608,21565,2
3609,41380,2
3610,72916,2
3611,75011,2
3612,33414,2
3613,78236,2
3614,30067,2
3615,92200,2
3616,8006,2
3617,70891,2
3618,14050,2
3619,71603,2
3620,13885,2
3621,15755,2
3622,34237,2
3623,28001,2
3624,28002,2
3625,80031,2
3626,35578,2
3627,48101,2
3628,28777,2
3629,65265,2
3630,31302,2
3631,1012,2
3632,30076,2
3633,48195,2
3634,98102,2
3635,4038,2
3636,11883,2
3637,12464,2
3638,29435,2
3639,78613,2
3640,44110,2
3641,13903,2
3642,34340,2
3643,76063,2
3644,95029,2
3645,11557,2
3646,28030,2
3647,20220,2
3648,27509,2
3649,11559,2
3650,14203,2
3651,77339,2
3652,11772,2
3653,4380,2
3654,65428,2
3655,44115,2
3656,60546,2
3657,56007,2
3658,80136,2
3659,85209,2
3660,73102,2
3661,35401,2
3662,5071,2
3663,40489,2
3664,86314,2
3665,78245,2
3666,90501,2
3667,90509,2
3668,81479,2
3669,33437,2
3670,97365,2
3671,44263,2
3672,48158,2
3673,71065,2
3674,33603,2
3675,95357,2
3676,4053,2
3677,99337,2
3678,79038,2
3679,47805,2
3680,33165,2
3681,73240,2
3682,54645,2
3683,34613,2
3684,78640,2
3685,14214,2
3686,97232,2
3687,1545,2
3688,50201,2
3689,12148,2
3690,60115,2
3691,15260,2
3692,57038,2
3693,8227,2
3694,46023,2
3695,70190,2
3696,38701,2
3697,22045,2
3698,725,2
3699,45150,2
3700,8023,2
3701,29644,1
3702,31150,1
3703,77013,1
3704,91731,1
3705,72336,1
3706,12524,1
3707,80923,1
3708,13140,1
3709,92507,1
3710,25704,1
3711,126,1
3712,48507,1
3713,86259,1
3714,23061,1
3715,32034,1
3716,30312,1
3717,32444,1
3718,28703,1
3719,22710,1
3720,60025,1
3721,2818,1
3722,11510,1
3723,15001,1
3724,48076,1
3725,22182,1
3726,28109,1
3727,48071,1
3728,91733,1
3729,34601,1
3730,61103,1
3731,17602,1
3732,93101,1
3733,6776,1
3734,55445,1
3735,8915,1
3736,60309,1
3737,19320,1
3738,55441,1
3739,10153,1
3740,98124,1
3741,34059,1
3742,78350,1
3743,35055,1
3744,88477,1
3745,32606,1
3746,3184,1
3747,34361,1
3748,19105,1
3749,85123,1
3750,55318,1
3751,19100,1
3752,93110,1
3753,39011,1
3754,66101,1
3755,66103,1
3756,29927,1
3757,10577,1
3758,91239,1
3759,80130,1
3760,91941,1
3761,73109,1
3762,66106,1
3763,30380,1
3764,30605,1
3765,75426,1
3766,85755,1
3767,45701,1
3768,53145,1
3769,3016,1
3770,34742,1
3771,52317,1
3772,44620,1
3773,64012,1
3774,91014,1
3775,23642,1
3776,2284,1
3777,47005,1
3778,40212,1
3779,85020,1
3780,48220,1
3781,95474,1
3782,27513,1
3783,29120,1
3784,72189,1
3785,202,1
3786,27004,1
3787,48113,1
3788,34285,1
3789,8301,1
3790,97602,1
3791,94535,1
3792,30363,1
3793,4043,1
3794,92425,1
3795,90540,1
3796,14520,1
3797,9005,1
3798,29423,1
3799,20871,1
3800,4402,1
3801,22415,1
3802,31216,1
3803,27356,1
3804,40211,1
3805,9090,1
3806,34453,1
3807,53511,1
3808,67433,1
3809,34452,1
3810,973,1
3811,6128,1
3812,96015,1
3813,92001,1
3814,28933,1
3815,53228,1
3816,14197,1
3817,333,1
3818,77338,1
3819,34653,1
3820,6123,1
3821,1333,1
3822,95242,1
3823,12851,1
3824,76200,1
3825,28269,1
3826,8736,1
3827,63188,1
3828,92182,1
3829,27909,1
3830,12850,1
3831,10708,1
3832,22713,1
3833,69100,1
3834,69101,1
3835,69104,1
3836,5061,1
3837,95521,1
3838,42791,1
3839,53716,1
3840,47104,1
3841,18951,1
3842,17015,1
3843,98136,1
3844,43615,1
3845,10226,1
3846,65812,1
3847,80523,1
3848,95472,1
3849,45769,1
3850,97056,1
3851,21403,1
3852,37323,1
3853,24641,1
3854,45648,1
3855,41400,1
3856,49443,1
3857,53711,1
3858,20020,1
3859,90265,1
3860,20024,1
3861,10035,1
3862,14850,1
3863,44105,1
3864,39720,1
3865,90126,1
3866,96250,1
3867,33432,1
3868,32789,1
3869,10518,1
3870,49479,1
3871,14049,1
3872,10513,1
3873,38611,1
3874,60693,1
3875,75229,1
3876,41213,1
3877,45403,1
3878,10037,1
3879,85254,1
3880,1501,1
3881,20874,1
3882,10641,1
3883,8001,1
3884,14185,1
3885,53150,1
3886,33406,1
3887,10228,1
3888,33157,1
3889,3050,1
3890,63640,1
3891,38302,1
3892,92324,1
3893,80219,1
3894,15850,1
3895,50973,1
3896,81346,1
3897,36106,1
3898,80836,1
3899,26831,1
3900,85037,1
3901,15106,1
3902,93465,1
3903,94578,1
3904,20636,1
3905,33952,1
3906,21212,1
3907,21210,1
3908,25200,1
3909,98391,1
3910,97901,1
3911,20706,1
3912,4416,1
3913,983,1
3914,50024,1
3915,45180,1
3916,35056,1
3917,65806,1
3918,92866,1
3919,45417,1
3920,31906,1
3921,2301,1
3922,48703,1
3923,46506,1
3924,83340,1
3925,47906,1
3926,34321,1
3927,45631,1
3928,6008,1
3929,40128,1
3930,48205,1
3931,55305,1
3932,40124,1
3933,51003,1
3934,90604,1
3935,44185,1
3936,98382,1
3937,22527,1
3938,53713,1
3939,57645,1
3940,92367,1
3941,54643,1
3942,51124,1
3943,69210,1
3944,84148,1
3945,38134,1
3946,28277,1
3947,37862,1
3948,18031,1
3949,88009,1
3950,8730,1
3951,8501,1
3952,40126,1
3953,56261,1
3954,10031,1
3955,47908,1
3956,32135,1
3957,30307,1
3958,19023,1
3959,90619,1
3960,77025,1
3961,33149,1
3962,48796,1
3963,78224,1
3964,27920,1
3965,99817,1
3966,52662,1
3967,93301,1
3968,90281,1
3969,10033,1
3970,34982,1
3971,70114,1
3972,78253,1
3973,94114,1
3974,94102,1
3975,31655,1
3976,19024,1
3977,93003,1
3978,39800,1
3979,10250,1
3980,94109,1
3981,60448,1
3982,30140,1
3983,83087,1
3984,21080,1
3985,20740,1
3986,94103,1
3987,70117,1
3988,19027,1
3989,68164,1
3990,30141,1
3991,86179,1
3992,68802,1
3993,72488,1
3994,72110,1
3995,13585,1
3996,72701,1
3997,73657,1
3998,46280,1
3999,62300,1
4000,22203,1
4001,85024,1
4002,55113,1
4003,47179,1
4004,55118,1
4005,91208,1
4006,75904,1
4007,26204,1
4008,6851,1
4009,25020,1
4010,94085,1
4011,73479,1
4012,87541,1
4013,50603,1
4014,65100,1
4015,2144,1
4016,2134,1
4017,13589,1
4018,72707,1
4019,57164,1
4020,27615,1
4021,4739,1
4022,1209,1
4023,3035,1
4024,96815,1
4025,1200,1
4026,60652,1
4027,47392,1
4028,50098,1
4029,27617,1
4030,21209,1
4031,31108,1
4032,31238,1
4033,33104,1
4034,90755,1
4035,7981,1
4036,33102,1
4037,20782,1
4038,48227,1
4039,7768,1
4040,14001,1
4041,97403,1
4042,53117,1
4043,92903,1
4044,72756,1
4045,75018,1
4046,24534,1
4047,29681,1
4048,20201,1
4049,91763,1
4050,19702,1
4051,32223,1
4052,18003,1
4053,33803,1
4054,77980,1
4055,49202,1
4056,98103,1
4057,95109,1
4058,35894,1
4059,1380,1
4060,40822,1
4061,41823,1
4062,80802,1
4063,95107,1
4064,95438,1
4065,14471,1
4066,2179,1
4067,97329,1
4068,75007,1
4069,44120,1
4070,37100,1
4071,80810,1
4072,33183,1
4073,77508,1
4074,55430,1
4075,11572,1
4076,37072,1
4077,82008,1
4078,89086,1
4079,4024,1
4080,31088,1
4081,92083,1
4082,77505,1
4083,92081,1
4084,22271,1
4085,55411,1
4086,15258,1
4087,2096,1
4088,25801,1
4089,7932,1
4090,61606,1
4091,7604,1
4092,2895,1
4093,92880,1
4094,22013,1
4095,39232,1
4096,53548,1
4097,44601,1
4098,75004,1
4099,65117,1
4100,44299,1
4101,92626,1
4102,17002,1
4103,11768,1
4104,97410,1
4105,45061,1
4106,20744,1
4107,11714,1
4108,52132,1
4109,17036,1
4110,46342,1
4111,98321,1
4112,85205,1
4113,46163,1
4114,60004,1
4115,85208,1
4116,54914,1
4117,84120,1
4118,84121,1
4119,78728,1
4120,674,1
4121,5001,1
4122,5007,1
4123,48159,1
4124,10280,1
4125,97331,1
4126,33317,1
4127,34698,1
4128,35768,1
4129,6119,1
4130,11548,1
4131,31804,1
4132,2106,1
4133,95959,1
4134,34349,1
4135,94550,1
4136,82445,1
4137,95125,1
4138,8837,1
4139,77055,1
4140,8536,1
4141,4032,1
4142,97159,1
4143,56127,1
4144,17489,1
4145,39215,1
4146,99999,1
4147,75024,1
4148,14561,1
4149,21021,1
4150,7410,1
4151,44600,1
4152,40515,1
4153,39402,1
4154,10567,1
4155,6886,1
4156,70801,1
4157,31275,1
4158,99027,1
4159,30853,1
4160,78401,1
4161,13014,1
4162,33634,1
4163,33505,1
4164,29325,1
4165,12800,1
4166,20707,1
4167,90147,1
4168,4029,1
4169,32082,1
4170,3042,1
4171,12553,1
4172,8017,1
4173,99734,1
4174,37175,1
4175,4023,1
4176,93722,1
4177,48913,1
4178,91024,1
4179,86002,1
4180,26126,1
4181,45440,1
4182,97756,1
4183,32401,1
4184,55408,1
4185,55409,1
4186,15241,1
4187,4357,1
4188,33175,1
4189,21239,1
4190,68178,1
4191,6720,1
4192,54219,1
4193,30059,1
4194,28492,1
4195,98027,1
4196,59073,1
4197,78303,1
4198,7639,1
4199,14624,1
4200,14625,1
4201,47023,1
4202,7869,1
4203,6846,1
4204,20005,1
4205,5042,1
4206,28561,1
4207,16321,1
4208,96008,1
4209,94315,1
4210,98115,1
4211,98373,1
4212,60527,1
4213,4860,1
4214,65691,1
4215,90801,1
4216,15211,1
4217,98922,1
4218,11746,1
4219,6536,1
4220,92373,1
4221,44649,1
4222,23112,1
4223,55418,1
4224,21014,1
4225,69469,1
4226,36312,1
4227,50002,1
4228,84109,1
4229,21053,1
4230,21052,1
4231,59169,1
4232,60930,1
4233,1752,1
4234,7400,1
4235,10013,1
4236,57102,1
4237,22649,1
4238,75743,1
4239,39291,1
4240,11562,1
4241,6134,1
4242,98194,1
4243,28645,1
4244,97134,1
4245,21230,1
4246,22024,1
4247,22020,1
4248,25006,1
4249,46151,1
4250,77035,1
4251,26222,1
4252,77031,1
4253,90232,1
4254,97133,1
4255,84102,1
4256,45468,1
4257,19044,1
4258,6112,1
4259,95192,1
4260,13073,1
4261,44119,1
4262,91501,1
4263,63263,1
4264,46111,1
4265,78464,1
4266,44223,1
4267,40110,1
4268,44160,1
4269,35010,1
4270,18091,1
4271,2726,1
4272,24015,1
4273,20270,1
4274,32836,1
4275,16247,1
4276,91042,1
4277,10240,1
4278,10243,1
4279,20551,1
4280,3750,1
4281,44094,1
4282,10504,1
4283,10502,1
4284,10509,1
4285,38108,1
4286,93701,1
4287,93703,1
4288,75213,1
4289,35702,1
4290,91019,1
4291,34470,1
4292,15963,1
4293,98123,1
4294,20097,1
4295,75070,1
4296,91708,1
4297,91506,1
4298,21013,1
4299,91705,1
4300,60467,1
4301,60461,1
4302,34381,1
4303,2840,1
4304,1830,1
4305,58656,1
4306,70130,1
4307,41075,1
4308,35922,1
4309,8512,1
4310,51108,1
4311,55425,1
4312,2002,1
4313,25250,1
4314,21228,1
4315,16508,1
4316,16507,1
4317,69121,1
4318,46140,1
4319,68169,1
4320,802,1
4321,6905,1
4322,44650,1
4323,44651,1
4324,36830,1
4325,53721,1
4326,92027,1
4327,97035,1
4328,80708,1
4329,35516,1
4330,70123,1
4331,70122,1
4332,30202,1
4333,37090,1
4334,97208,1
4335,20081,1
4336,1610,1
4337,45626,1
4338,73401,1
4339,9286,1
4340,20737,1
4341,33625,1
4342,54292,1
4343,33334,1
4344,75104,1
4345,60706,1
4346,2912,1
4347,2007,1
4348,84118,1
4349,84116,1
4350,48224,1
4351,84115,1
4352,10001,1
4353,7649,1
4354,10005,1
4355,10004,1
4356,21285,1
4357,5030,1
4358,24096,1
4359,44789,1
4360,53123,1
4361,90108,1
4362,9045,1
4363,55108,1
4364,15220,1
4365,30123,1
4366,91700,1
4367,95116,1
4368,95115,1
4369,28359,1
4370,20237,1
4371,4000,1
4372,176,1
4373,45248,1
4374,8742,1
4375,24061,1
4376,20012,1
4377,33610,1
4378,33615,1
4379,72712,1
4380,35144,1
4381,77566,1
4382,37150,1
4383,8046,1
4384,55106,1
4385,55104,1
4386,97180,1
4387,10014,1
4388,30122,1
4389,47201,1
4390,71111,1
4391,94558,1
4392,58202,1
4393,58203,1
4394,15221,1
4395,21423,1
4396,24148,1
4397,67905,1
4398,32405,1
4399,15011,1
4400,11521,1
4401,23566,1
4402,52727,1
4403,71118,1
4404,91914,1
4405,50968,1
4406,10115,1
4407,41685,1
4408,40950,1
4409,38117,1
4410,29803,1
4411,8063,1
4412,18012,1
4413,40220,1
4414,72211,1
4415,38049,1
4416,35061,1
4417,94034,1
4418,33467,1
4419,20301,1
4420,91007,1
4421,8100,1
4422,1170,1
4423,14127,1
4424,37601,1
4425,27511,1
4426,90010,1
4427,90013,1
4428,47591,1
4429,89073,1
4430,63450,1
4431,89070,1
4432,86633,1
4433,59806,1
4434,38408,1
4435,42075,1
4436,46036,1
4437,28056,1
4438,80237,1
4439,74158,1
4440,60100,1
4441,60103,1
4442,91171,1
4443,63100,1
4444,89044,1
4445,80906,1
4446,37922,1
4447,60500,1
4448,18288,1
4449,29485,1
4450,48034,1
4451,45071,1
4452,79416,1
4453,8109,1
4454,98901,1
4455,67003,1
4456,5446,1
4457,20401,1
4458,70384,1
4459,37069,1
4460,33765,1
4461,71203,1
4462,34672,1
4463,36520,1
4464,36039,1
4465,13100,1
4466,3570,1
4467,33067,1
4468,17207,1
4469,48323,1
4470,95326,1
4471,66278,1
4472,158,1
4473,23185,1
4474,23452,1
4475,22451,1
4476,95857,1
4477,50589,1
4478,6907,1
4479,28943,1
4480,89521,1
4481,15063,1
4482,15060,1
4483,8859,1
4484,23188,1
4485,77396,1
4486,60108,1
4487,7726,1
4488,65009,1
4489,34592,1
4490,50100,1
4491,31501,1
4492,32773,1
4493,92112,1
4494,10149,1
4495,22417,1
4496,22147,1
4497,91790,1
4498,92808,1
4499,23455,1
4500,46100,1
4501,23985,1
4502,76005,1
4503,45221,1
4504,64711,1
4505,10956,1
4506,69546,1
4507,44915,1
4508,93422,1
4509,55910,1
4510,10314,1
4511,45226,1
4512,48823,1
4513,74800,1
4514,97098,1
4515,77084,1
4516,92668,1
4517,31053,1
4518,91351,1
4519,39119,1
4520,95819,1
4521,95818,1
4522,35025,1
4523,39110,1
4524,51090,1
4525,34214,1
4526,92260,1
4527,31130,1
4528,32547,1
4529,76140,1
4530,60647,1
4531,60645,1
4532,75088,1
4533,27999,1
4534,92141,1
4535,79239,1
4536,90007,1
4537,19468,1
4538,90004,1
4539,78922,1
4540,97209,1
4541,60220,1
4542,88310,1
4543,12120,1
4544,33757,1
4545,93143,1
4546,97200,1
4547,75032,1
4548,23289,1
4549,10210,1
4550,94027,1
4551,94026,1
4552,22906,1
4553,59240,1
4554,80203,1
4555,92395,1
4556,51074,1
4557,76178,1
4558,34202,1
4559,26655,1
4560,50312,1
4561,3104,1
4562,34209,1
4563,92543,1
4564,76710,1
4565,28560,1
4566,80227,1
4567,17606,1
4568,30349,1
4569,44333,1
4570,29063,1
4571,48092,1
4572,10099,1
4573,28045,1
4574,49414,1
4575,7352,1
4576,53234,1
4577,83582,1
4578,90043,1
4579,34984,1
4580,54007,1
4581,19123,1
4582,99309,1
4583,48960,1
4584,10901,1
4585,91326,1
4586,95460,1
4587,53045,1
4588,98208,1
4589,46212,1
4590,46320,1
4591,20219,1
4592,8012,1
4593,55413,1
4594,28202,1
4595,20125,1
4596,22902,1
4597,78501,1
4598,32700,1
4599,9180,1
4600,34429,1
4601,9030,1
4602,22039,1
4603,157,1
4604,91304,1
4605,7083,1
4606,15478,1
4607,7081,1
4608,55906,1
4609,33914,1
4610,37206,1
4611,46483,1
4612,6400,1
4613,52482,1
4614,6405,1
4615,4026,1
4616,1003,1
4617,99207,1
4618,77450,1
4619,99201,1
4620,22083,1
4621,81621,1
4622,85323,1
4623,81337,1
4624,82335,1
4625,61283,1
4626,88586,1
4627,75323,1
4628,64501,1
4629,11031,1
4630,36200,1
4631,36202,1
4632,60130,1
4633,97367,1
4634,43123,1
4635,91791,1
4636,91792,1
4637,69347,1
4638,85374,1
4639,968,1
4640,36617,1
4641,73190,1
4642,6460,1
4643,1701,1
4644,48603,1
4645,26102,1
4646,32205,1
4647,76158,1
4648,8070,1
4649,74175,1
4650,97758,1
4651,35404,1
4652,69004,1
4653,46011,1
4654,90063,1
4655,93407,1
4656,96160,1
4657,56017,1
4658,32750,1
4659,11408,1
4660,11402,1
4661,88108,1
4662,94270,1
4663,966,1
4664,80430,1
4665,49076,1
4666,22314,1
4667,80922,1
4668,91101,1
4669,91100,1
4670,37901,1
4671,19444,1
4672,34748,1
4673,4207,1
4674,92203,1
4675,54702,1
4676,34741,1
4677,13003,1
4678,11129,1
4679,10110,1
4680,11580,1
4681,4200,1
4682,90032,1
4683,34689,1
4684,70501,1
4685,70508,1
4686,7731,1
4687,85159,1
4688,22310,1
4689,66025,1
4690,98802,1
4691,31210,1
4692,95821,1
4693,18100,1
4694,10457,1
4695,10456,1
4696,10459,1
4697,28971,1
4698,10100,1
4699,92130,1
4700,32400,1
4701,82126,1
4702,9200,1
4703,60601,1
4704,55406,1
4705,11850,1
4706,68150,1
4707,13901,1
4708,33744,1
4709,13900,1
4710,72012,1
4711,60311,1
4712,54044,1
4713,37915,1
4714,28036,1
4715,179,1
4716,3426,1
4717,3600,1
4718,10451,1
4719,10453,1
4720,95831,1
4721,73506,1
4722,92829,1
4723,49015,1
4724,13760,1
4725,49016,1
4726,80240,1
4727,23434,1
4728,77401,1
4729,92064,1
4730,33431,1
4731,48375,1
4732,22306,1
4733,22300,1
4734,22947,1
4735,1770,1
4736,8831,1
4737,19053,1
4738,50124,1
4739,50125,1
4740,1970,1
4741,41010,1
4742,92309,1
4743,41012,1
4744,23079,1
4745,55095,1
4746,48179,1
4747,79062,1
4748,45032,1
4749,84088,1
4750,80090,1
4751,44121,1
4752,55121,1
4753,49241,1
4754,38440,1
4755,97220,1
4756,67212,1
4757,92703,1
4758,45201,1
4759,90980,1
4760,19178,1
4761,52064,1
4762,45030,1
4763,41256,1
4764,45225,1
4765,20161,1
4766,74135,1
4767,2370,1
4768,10463,1
4769,54331,1
4770,35085,1
4771,114,1
4772,52062,1
4773,85351,1
4774,18020,1
4775,42084,1
4776,6295,1
4777,17554,1
4778,40291,1
4779,29016,1
4780,43138,1
4781,15642,1
4782,44313,1
4783,40615,1
4784,21117,1
4785,3150,1
4786,40032,1
4787,8638,1
4788,52057,1
4789,5800,1
4790,4530,1
4791,80915,1
4792,4538,1
4793,87016,1
4794,91016,1
4795,37931,1
4796,60148,1
4797,85105,1
4798,37932,1
4799,10124,1
4800,52066,1
4801,30548,1
4802,83221,1
4803,29020,1
4804,66622,1
4805,30047,1
4806,4704,1
4807,3431,1
4808,35185,1
4809,28023,1
4810,76544,1
4811,28029,1
4812,78509,1
4813,76054,1
4814,8181,1
4815,34231,1
4816,60559,1
4817,28000,1
4818,45501,1
4819,83003,1
4820,17543,1
4821,40351,1
4822,44501,1
4823,50096,1
4824,76299,1
4825,28166,1
4826,60618,1
4827,91340,1
4828,30068,1
4829,37614,1
4830,74132,1
4831,83209,1
4832,95615,1
4833,92307,1
4834,69288,1
4835,1067,1
4836,12549,1
4837,93093,1
4838,60015,1
4839,77099,1
4840,37073,1
4841,77095,1
4842,19406,1
4843,95401,1
4844,22332,1
4845,39502,1
4846,8844,1
4847,50135,1
4848,6667,1
4849,34769,1
4850,40001,1
4851,35360,1
4852,40003,1
4853,34761,1
4854,72917,1
4855,78712,1
4856,35152,1
4857,76092,1
4858,13055,1
4859,36116,1
4860,99096,1
4861,49424,1
4862,67550,1
4863,6273,1
4864,42101,1
4865,3810,1
4866,72204,1
4867,4636,1
4868,9119,1
4869,41126,1
4870,52763,1
4871,38015,1
4872,98604,1
4873,23006,1
4874,85289,1
4875,83177,1
4876,2879,1
4877,100,1
4878,66206,1
4879,21152,1
4880,85283,1
4881,1207,1
4882,48187,1
4883,33425,1
4884,79745,1
4885,37670,1
4886,30990,1
4887,17815,1
4888,16499,1
4889,26001,1
4890,4122,1
4891,27853,1
4892,4121,1
4893,4125,1
4894,3784,1
4895,1000,1
4896,78744,1
4897,44272,1
4898,1090,1
4899,38018,1
4900,90245,1
4901,9080,1
4902,79034,1
4903,15122,1
4904,15123,1
4905,53413,1
4906,11791,1
4907,70605,1
4908,59804,1
4909,2139,1
4910,94911,1
4911,98057,1
4912,98058,1
4913,97058,1
4914,7050,1
4915,11788,1
4916,32720,1
4917,3221,1
4918,30062,1
4919,27709,1
4920,27702,1
4921,1911,1
4922,83709,1
4923,75399,1
4924,27205,1
4925,83701,1
4926,78739,1
4927,77494,1
4928,49509,1
4929,37202,1
4930,49505,1
4931,80129,1
4932,69003,1
4933,14604,1
4934,45428,1
4935,80128,1
4936,54750,1
4937,62222,1
4938,62200,1
4939,94586,1
4940,73035,1
4941,80123,1
4942,50981,1
4943,31054,1
4944,74110,1
4945,27127,1
4946,13416,1
4947,95864,1
4948,10990,1
4949,2062,1
4950,75402,1
4951,74072,1
4952,73008,1
4953,65197,1
4954,77071,1
4955,19341,1
4956,60329,1
4957,60321,1
4958,61001,1
4959,19003,1
4960,60320,1
4961,92625,1
4962,89125,1
4963,8523,1
4964,44405,1
4965,2110,1
4966,13617,1
4967,3659,1
4968,2453,1
4969,50143,1
4970,78249,1
4971,8650,1
4972,49456,1
4973,77065,1
4974,81541,1
4975,81540,1
4976,49450,1
4977,58095,1
4978,97100,1
4979,14068,1
4980,94116,1
4981,32916,1
4982,55239,1
4983,46800,1
4984,32049,1
4985,80530,1
4986,46220,1
4987,84015,1
4988,84014,1
4989,11790,1
4990,1406,1
4991,84017,1
4992,84016,1
4993,90503,1
4994,73039,1
4995,33436,1
4996,48509,1
4997,20090,1
4998,78757,1
4999,34195,1
5000,36500,1
5001,35601,1
5002,77504,1
5003,91744,1
5004,7030,1
5005,39157,1
5006,28097,1
5007,27510,1
5008,119,1
5009,1083,1
5010,36606,1
5011,78025,1
5012,14201,1
5013,23233,1
5014,14225,1
5015,33026,1
5016,34394,1
5017,12901,1
5018,87420,1
5019,79913,1
5020,12909,1
5021,27959,1
5022,77654,1
5023,27711,1
5024,72410,1
5025,61901,1
5026,60313,1
5027,16100,1
5028,10530,1
5029,16101,1
5030,77092,1
5031,83800,1
5032,50041,1
5033,33713,1
5034,90762,1
5035,90145,1
5036,92345,1
5037,20502,1
5038,43233,1
5039,45291,1
5040,20115,1
5041,66215,1
5042,34619,1
5043,7500,1
5044,73110,1
5045,98617,1
5046,2459,1
5047,15033,1
5048,27719,1
5049,79182,1
5050,25403,1
5051,2095,1
5052,94306,1
5053,61800,1
5054,90260,1
5055,70029,1
5056,80639,1
5057,64040,1
5058,41944,1
5059,45431,1
5060,32129,1
5061,75654,1
5062,13092,1
5063,98410,1
5064,98045,1
5065,26195,1
5066,10350,1
5067,49372,1
5068,48104,1
5069,94124,1
5070,92357,1
5071,38555,1
5072,31826,1
5073,8701,1
5074,43017,1
5075,56301,1
5076,14260,1
5077,14267,1
5078,58304,1
5079,85048,1
5080,30300,1
5081,97305,1
5082,12131,1
5083,46311,1
5084,57208,1
5085,97214,1
5086,16802,1
5087,90255,1
5088,70013,1
5089,90250,1
5090,58002,1
5091,64297,1
5092,97044,1
5093,73044,1
5094,64190,1
5095,60439,1
5096,98072,1
5097,80215,1
5098,46013,1
5099,11629,1
5100,2780,1
5101,20824,1
5102,58220,1
5103,25125,1
5104,90078,1
5105,2210,1
5106,69076,1
5107,49044,1
5108,33996,1
5109,34899,1
5110,29576,1
5111,29579,1
5112,8406,1
5113,1812,1
5114,19012,1
5115,93150,1
5116,99438,1
5117,65020,1
5118,23505,1
5119,79602,1
5120,30306,1
5121,8002,1
5122,84062,1
5123,1427,1
5124,60654,1
5125,36010,1
5126,60659,1
5127,33445,1
5128,10407,1
5129,25524,1
5130,49048,1
5131,75935,1
5132,7524,1
5133,73011,1
5134,2914,1
5135,13110,1
5136,37099,1
5137,18519,1
5138,15143,1
5139,3202,1
5140,53704,1
5141,34275,1
5142,6615,1
5143,19147,1
5144,54706,1
5145,80756,1
5146,67215,1
5147,24125,1
5148,33913,1
5149,33912,1
5150,18337,1
5151,50703,1
5152,20310,1
5153,5850,1
5154,94930,1
5155,95303,1
5156,95301,1
5157,95300,1
5158,95305,1
5159,77375,1
5160,33770,1
5161,19144,1
5162,46600,1
5163,19899,1
5164,32790,1
5165,21339,1
5166,75115,1
5167,32795,1
5168,22977,1
5169,10970,1
5170,15505,1
5171,41330,1
5172,19143,1
5173,48241,1
5174,92318,1
5175,50070,1
5176,27519,1
5177,48021,1
5178,11370,1
5179,44016,1
5180,61547,1
5181,11379,1
5182,13723,1
5183,53842,1
5184,9750,1
5185,17019,1
5186,73013,1
5187,50406,1
5188,28504,1
5189,57076,1
5190,75271,1
5191,36002,1
5192,14780,1
5193,20650,1
5194,4112,1
5195,99085,1
5196,41500,1
5197,90067,1
5198,84505,1
5199,33782,1
5200,57077,1
5201,85295,1
5202,95482,1
5203,48019,1
5204,82550,1
5205,76600,1
5206,52245,1
5207,2333,1
5208,13122,1
5209,64106,1
5210,37081,1
5211,55122,1
5212,24939,1
5213,33708,1
5214,64046,1
5215,4571,1
5216,18204,1
5217,44139,1
5218,14269,1
5219,30188,1
5220,97501,1
5221,58715,1
5222,94132,1
5223,94134,1
5224,66346,1
5225,70736,1
5226,52556,1
5227,95404,1
5228,60429,1
5229,95758,1
5230,60422,1
5231,60425,1
5232,68024,1
5233,68025,1
5234,48129,1
5235,8010,1
5236,53205,1
5237,90153,1
5238,44685,1
5239,98424,1
5240,21327,1
5241,71220,1
5242,44623,1
5243,10026,1
5244,30659,1
5245,23284,1
5246,29603,1
5247,66218,1
5248,22559,1
5249,7202,1
5250,52126,1
5251,16816,1
5252,59702,1
5253,28075,1
5254,67203,1
5255,30305,1
5256,67200,1
5257,34286,1
5258,23215,1
5259,34096,1
5260,2199,1
5261,23219,1
5262,26508,1
5263,18150,1
5264,99074,1
5265,39261,1
5266,48080,1
5267,31110,1
5268,15904,1
5269,28226,1
5270,10041,1
5271,59187,1
5272,95258,1
5273,25606,1
5274,39531,1
5275,31785,1
5276,59504,1
5277,31703,1
5278,10989,1
5279,90053,1
5280,91406,1
5281,6001,1
5282,1099,1
5283,91403,1
5284,53119,1
5285,56216,1
5286,32671,1
5287,19173,1
5288,37885,1
5289,54622,1
5290,10042,1
5291,11229,1
5292,54629,1
5293,6269,1
5294,6484,1
5295,2990,1
5296,46005,1
